Product Name,Author,Price,Ratings
A Swingin' Affair! [Disco de Vinil],Frank Sinatra,"R$197,85","4,8 de 5 estrelas"
The Jazz Singer (Original Songs From Motion Picture) [Disco de Vinil],Neil Diamond,"R$192,58","4,7 de 5 estrelas"
Alone (180G),"GARLAND,JUDY","R$145,03","5,0 de 5 estrelas"
Max Richter - Out Of The Dark Room [Disco de Vinil],Max Richter,"R$392,67","4,6 de 5 estrelas"
DNCE [Disco de Vinil],DNCE,"R$160,45","4,6 de 5 estrelas"
Hymns Of The 49th Parallel [Disco de Vinil],k.d. lang,"R$173,69","4,6 de 5 estrelas"
Infra,Max Richter,"R$185,65","4,3 de 5 estrelas"
In The Wee Small Hours,"SINATRA,FRANK","R$185,65","4,7 de 5 estrelas"
Duets [Disco de Vinil],"SINATRA,FRANK","R$243,17","4,5 de 5 estrelas"
Sinatra at the Sands [Disco de Vinil],Frank Sinatra,"R$268,00","4,8 de 5 estrelas"
Direction Albums [Disco de Vinil],unknown-author,"R$779,54",-1
Taller [Disco de Vinil],Jamie Cullum,"R$198,89","4,2 de 5 estrelas"
Where Polly People Go To Read [Disco de Vinil],GUS DAPPERTON,"R$144,32","3,9 de 5 estrelas"
Who Are You Know [Disco de Vinil],Madison Cunningham,"R$167,52","4,9 de 5 estrelas"
Never Look Away,Max Ricther,"R$250,89",-1
Forever Overhead [Disco de Vinil],Tim Baker,"R$185,65","5,0 de 5 estrelas"
Ryuichi Sakamoto - Bttb (Back To The Basics) [Disco de Vinil],Ryuichi Sakamoto,"R$495,90","5,0 de 5 estrelas"
BTTB,Ryuichi Sakamoto,"R$272,99","4,8 de 5 estrelas"
Future Pop [Disco de Vinil],Perfume,"R$366,15","4,7 de 5 estrelas"
Fume: C'est Du Best [LP],"DUTRONC,JACQUES","R$215,19","4,2 de 5 estrelas"
"Mary, Queen of Scots (Original Motion Picture Soundtrack) [Disco de Vinil]",Max Richter/Soundtrack,"R$269,25","4,8 de 5 estrelas"
Les Sources [Disco de Vinil],Vanessa Paradis,"R$242,11","4,5 de 5 estrelas"
Ciao Italia,VARIOUS ARTISTS,"R$167,98","4,5 de 5 estrelas"
Sings For Only The Lonely (60th Anniversary Stereo Mix) [Disco de Vinil],Frank Sinatra,"R$242,73","4,9 de 5 estrelas"
Revamp: The Songs Of Elton John & Bernie Taupin (Various Artists) [Disco de Vinil],Various Artists,"R$267,21","4,3 de 5 estrelas"
Baby Blue Eyes,Frank Sinatra,"R$243,17","4,2 de 5 estrelas"
Ryuichi Sakamoto - Async Remodels [Disco de Vinil],Ryuichi Sakamoto,"R$495,90","4,7 de 5 estrelas"
Around Midnight [Disco de Vinil],Julie London,"R$212,16","5,0 de 5 estrelas"
Only Human [Disco de Vinil],Calum Scott,"R$129,44","4,8 de 5 estrelas"
Collateral,Phillip Phillips,"R$192,78","4,6 de 5 estrelas"
Camila,Camila Cabello,"R$171,00","4,7 de 5 estrelas"
I Wish You Love: More From The Bodyguard,Whitney Houston,"R$222,66","4,4 de 5 estrelas"
Voice Of The Heart,Carpenters,"R$184,49","5,0 de 5 estrelas"
Close To You,Carpenters,"R$192,58","4,6 de 5 estrelas"
A Song For You [Disco de Vinil],Carpenters,"R$194,17","4,7 de 5 estrelas"
The Singles 1969-1973 [Disco de Vinil],Carpenters,"R$216,26","4,3 de 5 estrelas"
Passage [Disco de Vinil],Carpenters,"R$193,31","4,5 de 5 estrelas"
Les And Mary [Disco de Vinil],Les Paul/Mary Ford,"R$193,31",-1
Ring-A-Ding Ding [Disco de Vinil],Frank Sinatra,"R$192,78","4,1 de 5 estrelas"
Journals [Disco de Vinil],Justin Bieber,"R$218,25","4,6 de 5 estrelas"
My World [Disco de Vinil],Justin Bieber,"R$161,87","4,5 de 5 estrelas"
My World 2.0 [Disco de Vinil],Justin Bieber,"R$159,92","4,5 de 5 estrelas"
Believe,Justin Bieber,"R$158,90","4,5 de 5 estrelas"
Songs from Before [Disco de Vinil],Max Richter,"R$194,17","4,6 de 5 estrelas"
"Ryuichi Sakamoto, Alva Noto - The Revenant [Disco de Vinil]","Ryuichi Sakamoto, Alva Noto &","R$282,00","4,6 de 5 estrelas"
33 Greatest Hits,"MATHIS,JOHNNY","R$208,05","4,2 de 5 estrelas"
September of My Years [Disco de Vinil],Frank Sinatra,"R$192,78","4,6 de 5 estrelas"
A Man and His Music [Disco de Vinil],Frank Sinatra,"R$241,71","4,7 de 5 estrelas"
From Sleep,Max Richter,"R$238,35","4,4 de 5 estrelas"
The Leftovers (Music From the HBO Series--Season One) [Disco de Vinil],Max Richter,"R$275,72","4,4 de 5 estrelas"
Unbreakable Smile [Disco de Vinil],Tori Kelly,"R$144,24","4,6 de 5 estrelas"
Come Swing With Me!,Frank Sinatra,"R$191,16","5,0 de 5 estrelas"
Come Dance With Me!,Frank Sinatra,"R$216,19","4,6 de 5 estrelas"
"The Popular Frank Sinatra, Vol. 1-3 [Disco de Vinil]",Frank Sinatra,"R$720,63",-1
E·MO·TION,Carly Rae Jepsen,"R$190,00","4,7 de 5 estrelas"
Cheek To Cheek,"BENNETT,TONY / LADY GAGA","R$212,13","4,6 de 5 estrelas"
Ultimate Sinatra [Disco de Vinil],Frank Sinatra,"R$233,01","4,8 de 5 estrelas"
Mad Love,JoJo,"R$178,81","4,8 de 5 estrelas"
Purpose [Disco de Vinil],Justin Bieber,"R$234,12","4,6 de 5 estrelas"
Dangerous Woman [Disco de Vinil],Ariana Grande,"R$199,89","4,6 de 5 estrelas"
Reputation [Disco de Vinil],Taylor Swift,"R$357,82","4,6 de 5 estrelas"
Joanne [Disco de Vinil],Lady Gaga,"R$264,14","4,6 de 5 estrelas"
Strangers in the Night [Disco de Vinil],Frank Sinatra,"R$218,00","4,7 de 5 estrelas"
And Winter Came [Disco de Vinil],Enya,"R$180,60","4,7 de 5 estrelas"
That's Life [Disco de Vinil],Frank Sinatra,"R$204,21","4,4 de 5 estrelas"
Handwritten [Disco de Vinil],Shawn Mendes,"R$170,75","4,6 de 5 estrelas"
Dedicated [Disco de Vinil],Carly Rae Jepsen,"R$197,85","4,5 de 5 estrelas"
Piece By Piece [Disco de Vinil],Kelly Clarkson,"R$223,03","4,6 de 5 estrelas"
Jolly Christmas from Frank Sinatra [Disco de Vinil],"SINATRA,FRANK","R$101,00","4,8 de 5 estrelas"
Late Night Feelings [Disco de Vinil],Mark Ronson,"R$187,10","4,6 de 5 estrelas"
